{
  "count": 20,
  "tps": {
    "mean": 51478785.088,
    "median": 59439519.0,
    "stdev": 26860065.946289483,
    "min": 7354393.57,
    "max": 105412067.47
  },
  "send_p50_ms": {
    "mean": 0.0,
    "median": 0.0,
    "stdev": 0.0,
    "min": 0.0,
    "max": 0.0
  },
  "send_p95_ms": {
    "mean": 0.07135,
    "median": 0.0505,
    "stdev": 0.06725866115230067,
    "min": 0.002,
    "max": 0.243
  },
  "write_p50_ms": {
    "mean": 0.0018,
    "median": 0.001,
    "stdev": 0.0012083045973594571,
    "min": 0.001,
    "max": 0.005
  },
  "write_p95_ms": {
    "mean": 0.0448,
    "median": 0.022,
    "stdev": 0.04946675651384473,
    "min": 0.005,
    "max": 0.167
  }
}
